03201,"020  ","0200056","イワテケン","モリオカシ","オオタ","岩手県","盛岡市","太田",0,0,1,0,1,2
08228,"30605","3060506","イバラキケン","バンドウシ","サシマダイ","茨城県","坂東市","さしま台",0,0,0,0,1,5
15202,"94024","9402416","ニイガタケン","ナガオカシ","ヨイタマチマキハラ","新潟県","長岡市","与板町槙原",0,0,0,0,1,5
23202,"444  ","4440830","アイチケン","オカザキシ","ハシラニシ","愛知県","岡崎市","柱西",0,0,1,0,1,3
23202,"444  ","4440829","アイチケン","オカザキシ","ハリサキニシ","愛知県","岡崎市","針崎西",0,0,1,0,1,3
23202,"444  ","4440820","アイチケン","オカザキシ","ワカマツニシ","愛知県","岡崎市","若松西",0,0,1,0,1,3
44203,"87101","8710104","オオイタケン","ナカツシ","サンコウイサヤマ","大分県","中津市","三光諌山",0,0,0,0,1,5
